{
	"name": "jstree",
	"repo": "vakata/jstree",
	"description": "jsTree is jquery plugin, that provides interactive trees.",
	"version": "3.3.6",
	"license": "MIT",
	"keywords": [
		"ui",
		"tree",
		"jstree"
	],
	"scripts": [
		"dist/jstree.js",
		"dist/jstree.min.js"
	],
	"images": [
		"dist/themes/default/32px.png",
		"dist/themes/default/40px.png",
		"dist/themes/default/throbber.gif"
	],
	"styles": [
		"dist/themes/default/style.css",
		"dist/themes/default/style.min.css"
	],
	"dependencies": {
		"components/jquery": ">=1.9.1"
	}
}
